<ImportExportXml version="9.2.22101.174" SolutionPackageVersion="9.2" languagecode="1033" generatedBy="CrmLive" xmlns:xsi="http://www.w3.org/2001/XMLSchema-instance">
  <SolutionManifest>
    <UniqueName>Onboarding</UniqueName>
    <LocalizedNames>
      <LocalizedName description="Onboarding" languagecode="1033" />
    </LocalizedNames>
    <Descriptions />
    <Version>1.0.0.1</Version>
    <Managed>0</Managed>
    <Publisher>
      <UniqueName>charlesqueen_msft</UniqueName>
      <LocalizedNames>
        <LocalizedName description="Charles Queen (MSFT)" languagecode="1033" />
      </LocalizedNames>
      <Descriptions />
      <EMailAddress xsi:nil="true"></EMailAddress>
      <SupportingWebsiteUrl xsi:nil="true"></SupportingWebsiteUrl>
      <CustomizationPrefix>qmsft</CustomizationPrefix>
      <CustomizationOptionValuePrefix>61125</CustomizationOptionValuePrefix>
    </Publisher>
    <RootComponents>
      <RootComponent type="1" schemaName="crf80_obapprovers" behavior="0" />
      <RootComponent type="1" schemaName="crf80_obassignedequipment" behavior="0" />
      <RootComponent type="1" schemaName="crf80_obequipment" behavior="0" />
      <RootComponent type="1" schemaName="crf80_obtraining" behavior="0" />
      <RootComponent type="1" schemaName="crf80_obuserprofile" behavior="0" />
      <RootComponent type="29" id="{72329627-2a65-ed11-9562-001dd830a85e}" behavior="0" />
      <RootComponent type="29" id="{774ac5eb-0265-ed11-9562-001dd830a85e}" behavior="0" />
      <RootComponent type="300" schemaName="crf80_onboardingv3elgin_ea846" behavior="0" />
    </RootComponents>
    <MissingDependencies>
      <MissingDependency>
        <Required type="1" schemaName="aaduser" displayName="AAD User" solution="MetadataExtension (1.0.2.23)" />
        <Dependent type="10" schemaName="crf80_crf80_obapprovers_crf80_ApproverNam" displayName="crf80_crf80_obapprovers_crf80_ApproverNam" parentSchemaName="aaduser" parentDisplayName="AAD User" />
      </MissingDependency>
      <MissingDependency>
        <Required type="2" schemaName="aaduserid" displayName="AAD user id" parentSchemaName="aaduser" parentDisplayName="AAD User" solution="MetadataExtension (1.0.2.23)" />
        <Dependent type="10" schemaName="crf80_crf80_obapprovers_crf80_ApproverNam" displayName="crf80_crf80_obapprovers_crf80_ApproverNam" parentSchemaName="aaduser" parentDisplayName="AAD User" />
      </MissingDependency>
      <MissingDependency>
        <Required type="2" schemaName="displayname" displayName="Display Name" parentSchemaName="aaduser" parentDisplayName="AAD User" solution="MetadataExtension (1.0.2.23)" />
        <Dependent type="10" schemaName="crf80_crf80_obapprovers_crf80_ApproverNam" displayName="crf80_crf80_obapprovers_crf80_ApproverNam" parentSchemaName="aaduser" parentDisplayName="AAD User" />
      </MissingDependency>
    </MissingDependencies>
  </SolutionManifest>
</ImportExportXml>