{
  "properties": {
    "connectionReferences": {
      "shared_sharepointonline": {
        "runtimeSource": "invoker",
        "connection": {
          "connectionReferenceLogicalName": "crf80_sharedsharepointonline_d834f"
        },
        "api": {
          "name": "shared_sharepointonline"
        }
      }
    },
    "definition": {
      "$schema": "https://schema.management.azure.com/providers/Microsoft.Logic/schemas/2016-06-01/workflowdefinition.json#",
      "contentVersion": "1.0.0.0",
      "parameters": {
        "$connections": {
          "defaultValue": {},
          "type": "Object"
        },
        "$authentication": {
          "defaultValue": {},
          "type": "SecureObject"
        }
      },
      "triggers": {
        "manual": {
          "metadata": {
            "operationMetadataId": "722a7471-6918-445e-a051-97b2708cbe9d"
          },
          "type": "Request",
          "kind": "PowerAppV2",
          "inputs": {
            "schema": {
              "type": "object",
              "properties": {
                "file": {
                  "title": "fileContent",
                  "type": "object",
                  "x-ms-dynamically-added": true,
                  "description": "Please select file or image",
                  "x-ms-content-hint": "FILE",
                  "properties": {
                    "name": {
                      "type": "string"
                    },
                    "contentBytes": {
                      "type": "string",
                      "format": "byte"
                    }
                  }
                },
                "text": {
                  "title": "fileUser",
                  "type": "string",
                  "x-ms-dynamically-added": true,
                  "description": "Please enter your input",
                  "x-ms-content-hint": "TEXT"
                },
                "text_1": {
                  "title": "fileType",
                  "type": "string",
                  "x-ms-dynamically-added": true,
                  "description": "Please enter your input",
                  "x-ms-content-hint": "TEXT"
                },
                "text_2": {
                  "title": "fileName",
                  "type": "string",
                  "x-ms-dynamically-added": true,
                  "description": "Please enter your input",
                  "x-ms-content-hint": "TEXT"
                }
              },
              "required": [
                "file",
                "text",
                "text_1",
                "text_2"
              ]
            }
          }
        }
      },
      "actions": {
        "Create_file": {
          "runAfter": {
            "Initialize_variable": [
              "Succeeded"
            ]
          },
          "metadata": {
            "operationMetadataId": "e7b4399a-35a2-4421-a128-d4de540f2f72"
          },
          "type": "OpenApiConnection",
          "inputs": {
            "host": {
              "connectionName": "shared_sharepointonline",
              "operationId": "CreateFile",
              "apiId": "/providers/Microsoft.PowerApps/apis/shared_sharepointonline"
            },
            "parameters": {
              "dataset": "https://gov000562.sharepoint.com/sites/Team2",
              "folderPath": "/SPOnboardingDocuments",
              "name": "@concat(guid(),triggerBody()['file']['name'])",
              "body": "@triggerBody()['file']['contentBytes']"
            },
            "authentication": "@parameters('$authentication')"
          },
          "runtimeConfiguration": {
            "contentTransfer": {
              "transferMode": "Chunked"
            }
          }
        },
        "Update_file_properties": {
          "runAfter": {
            "Set_variable": [
              "Skipped"
            ]
          },
          "metadata": {
            "operationMetadataId": "33b33069-6792-4602-b406-8763d828c32f"
          },
          "type": "OpenApiConnection",
          "inputs": {
            "host": {
              "connectionName": "shared_sharepointonline",
              "operationId": "PatchFileItem",
              "apiId": "/providers/Microsoft.PowerApps/apis/shared_sharepointonline"
            },
            "parameters": {
              "dataset": "https://gov000562.sharepoint.com/sites/Team2",
              "table": "9a83eb3b-8820-4b16-b0e3-03feafc33a99",
              "id": "@outputs('Create_file')?['body/ItemId']",
              "item/Title": "@triggerBody()['file']['name']",
              "item/docGUID": "@guid()",
              "item/docApproved": false,
              "item/userEmail": "@triggerBody()['text']",
              "item/docType": "@triggerBody()['text_1']"
            },
            "authentication": "@parameters('$authentication')"
          }
        },
        "Respond_to_a_PowerApp_or_flow": {
          "runAfter": {
            "Set_variable_2": [
              "Succeeded",
              "Failed",
              "Skipped",
              "TimedOut"
            ]
          },
          "metadata": {
            "operationMetadataId": "18ce129d-fccb-4ca4-ba55-248e7f55d627"
          },
          "type": "Response",
          "kind": "PowerApp",
          "inputs": {
            "statusCode": 200,
            "body": {
              "error": "@{variables('errorProcessing')}"
            },
            "schema": {
              "type": "object",
              "properties": {
                "error": {
                  "title": "error",
                  "x-ms-dynamically-added": true,
                  "type": "boolean"
                }
              }
            }
          }
        },
        "Initialize_variable": {
          "runAfter": {},
          "metadata": {
            "operationMetadataId": "a453f0a8-1f55-403e-89ff-96a806e9b971"
          },
          "type": "InitializeVariable",
          "inputs": {
            "variables": [
              {
                "name": "errorProcessing",
                "type": "boolean"
              }
            ]
          }
        },
        "Set_variable": {
          "runAfter": {
            "Create_file": [
              "Failed"
            ]
          },
          "metadata": {
            "operationMetadataId": "e3a89fbe-e1ec-4b50-801d-737a8652dbf5"
          },
          "type": "SetVariable",
          "inputs": {
            "name": "errorProcessing",
            "value": "@true"
          }
        },
        "Set_variable_2": {
          "runAfter": {
            "Update_file_properties": [
              "Failed"
            ]
          },
          "metadata": {
            "operationMetadataId": "17bf27bc-27d5-4911-a810-d280ae75abc6"
          },
          "type": "SetVariable",
          "inputs": {
            "name": "errorProcessing",
            "value": "@true"
          }
        }
      }
    },
    "templateName": ""
  },
  "schemaVersion": "1.0.0.0"
}