{
  "properties": {
    "connectionReferences": {
      "shared_approvals": {
        "runtimeSource": "embedded",
        "connection": {
          "connectionReferenceLogicalName": "crf80_sharedapprovals_40abc"
        },
        "api": {
          "name": "shared_approvals"
        }
      },
      "shared_commondataserviceforapps": {
        "runtimeSource": "embedded",
        "connection": {
          "connectionReferenceLogicalName": "crf80_sharedcommondataserviceforapps_ce6f4"
        },
        "api": {
          "name": "shared_commondataserviceforapps"
        }
      },
      "shared_teams": {
        "runtimeSource": "embedded",
        "connection": {
          "connectionReferenceLogicalName": "crf80_sharedteams_f44fc"
        },
        "api": {
          "name": "shared_teams"
        }
      }
    },
    "definition": {
      "$schema": "https://schema.management.azure.com/providers/Microsoft.Logic/schemas/2016-06-01/workflowdefinition.json#",
      "contentVersion": "1.0.0.0",
      "parameters": {
        "$connections": {
          "defaultValue": {},
          "type": "Object"
        },
        "$authentication": {
          "defaultValue": {},
          "type": "SecureObject"
        }
      },
      "triggers": {
        "When_a_row_is_added,_modified_or_deleted": {
          "metadata": {
            "operationMetadataId": "8b2e0103-ac45-407a-bb0a-0649dd6604cc"
          },
          "type": "OpenApiConnectionWebhook",
          "inputs": {
            "host": {
              "connectionName": "shared_commondataserviceforapps",
              "operationId": "SubscribeWebhookTrigger",
              "apiId": "/providers/Microsoft.PowerApps/apis/shared_commondataserviceforapps"
            },
            "parameters": {
              "subscriptionRequest/message": 3,
              "subscriptionRequest/entityname": "crf80_obuserprofile",
              "subscriptionRequest/scope": 4
            },
            "authentication": "@parameters('$authentication')"
          },
          "conditions": []
        }
      },
      "actions": {
        "Condition_2": {
          "actions": {
            "Start_and_wait_for_an_approval": {
              "runAfter": {},
              "metadata": {
                "operationMetadataId": "25dbd70a-dd7b-4e54-937b-3f5317cdc31f"
              },
              "type": "OpenApiConnectionWebhook",
              "inputs": {
                "host": {
                  "connectionName": "shared_approvals",
                  "operationId": "StartAndWaitForAnApproval",
                  "apiId": "/providers/Microsoft.PowerApps/apis/shared_approvals"
                },
                "parameters": {
                  "approvalType": "Basic",
                  "WebhookApprovalCreationInput/title": "Final review for @{triggerOutputs()?['body/crf80_name']}",
                  "WebhookApprovalCreationInput/assignedTo": "@{triggerOutputs()?['body/crf80_admin']};;",
                  "WebhookApprovalCreationInput/details": "I reviewed all the items",
                  "WebhookApprovalCreationInput/enableNotifications": true,
                  "WebhookApprovalCreationInput/enableReassignment": true
                },
                "authentication": "@parameters('$authentication')"
              }
            },
            "Condition": {
              "actions": {
                "Update_a_row": {
                  "runAfter": {},
                  "metadata": {
                    "operationMetadataId": "52aa876a-5f12-4dcf-9c26-e81789cade2c"
                  },
                  "type": "OpenApiConnection",
                  "inputs": {
                    "host": {
                      "connectionName": "shared_commondataserviceforapps",
                      "operationId": "UpdateRecord",
                      "apiId": "/providers/Microsoft.PowerApps/apis/shared_commondataserviceforapps"
                    },
                    "parameters": {
                      "entityName": "crf80_obuserprofiles",
                      "recordId": "@triggerOutputs()?['body/crf80_obuserprofileid']",
                      "item/crf80_obstatus": 4
                    },
                    "authentication": "@parameters('$authentication')"
                  }
                },
                "Post_message_in_a_chat_or_channel_2": {
                  "runAfter": {
                    "Post_adaptive_card_in_a_chat_or_channel": [
                      "Succeeded"
                    ]
                  },
                  "metadata": {
                    "operationMetadataId": "7de90bf5-b0bf-4c18-8247-e1f24abbf00b"
                  },
                  "type": "OpenApiConnection",
                  "inputs": {
                    "host": {
                      "connectionName": "shared_teams",
                      "operationId": "PostMessageToConversation",
                      "apiId": "/providers/Microsoft.PowerApps/apis/shared_teams"
                    },
                    "parameters": {
                      "poster": "Flow bot",
                      "location": "Chat with Flow bot",
                      "body/recipient": "@{outputs('Update_a_row')?['body/crf80_sponsor']};;",
                      "body/messageBody": "<p>All done!</p>"
                    },
                    "authentication": "@parameters('$authentication')"
                  }
                },
                "Post_adaptive_card_in_a_chat_or_channel": {
                  "runAfter": {
                    "Update_a_row": [
                      "Succeeded"
                    ]
                  },
                  "metadata": {
                    "operationMetadataId": "efad650f-e954-4a2e-8685-6b16380cbcda"
                  },
                  "type": "OpenApiConnection",
                  "inputs": {
                    "host": {
                      "connectionName": "shared_teams",
                      "operationId": "PostCardToConversation",
                      "apiId": "/providers/Microsoft.PowerApps/apis/shared_teams"
                    },
                    "parameters": {
                      "poster": "Flow bot",
                      "location": "Chat with Flow bot",
                      "body/recipient": "@{outputs('Update_a_row')?['body/crf80_useremail']};",
                      "body/messageBody": "{\n    \"type\": \"AdaptiveCard\",\n    \"body\": [\n        {\n            \"type\": \"Image\",\n            \"style\": \"Person\",\n            \"url\": \"https://media.giphy.com/media/l1ug5sWBCJOOGzN84/giphy.gif\",\n            \"altText\": \"Matt Hidinger\",\n            \"size\": \"Large\",\n            \"horizontalAlignment\": \"Center\",\n            \"height\": \"200px\"\n        },\n        {\n            \"type\": \"TextBlock\",\n            \"size\": \"Medium\",\n            \"weight\": \"Bolder\",\n            \"text\": \"Congrats! You have successfully on-boarded!\",\n            \"wrap\": true,\n            \"style\": \"heading\",\n            \"horizontalAlignment\": \"Center\",\n            \"color\": \"Default\"\n        },\n        {\n            \"type\": \"ColumnSet\",\n            \"columns\": [\n                {\n                    \"type\": \"Column\",\n                    \"items\": [\n                        {\n                            \"type\": \"TextBlock\",\n                            \"weight\": \"Bolder\",\n                            \"text\": \"Team 2\",\n                            \"wrap\": true\n                        },\n                        {\n                            \"type\": \"TextBlock\",\n                            \"spacing\": \"None\",\n                            \"text\": \"Created @{formatDateTime(utcNow(), 'yyyy-MM-dd')} \",\n                            \"isSubtle\": true,\n                            \"wrap\": true\n                        }\n                    ],\n                    \"width\": \"stretch\"\n                }\n            ]\n        },\n        {\n            \"type\": \"TextBlock\",\n            \"text\": \"Thank you for completing your on-boarding tasks. Welcome to the team!\",\n            \"wrap\": true,\n            \"horizontalAlignment\": \"Center\"\n        }\n    ],\n    \"$schema\": \"http://adaptivecards.io/schemas/adaptive-card.json\",\n    \"version\": \"1.4\"\n}"
                    },
                    "authentication": "@parameters('$authentication')"
                  }
                }
              },
              "runAfter": {
                "Start_and_wait_for_an_approval": [
                  "Succeeded"
                ]
              },
              "else": {
                "actions": {
                  "Update_a_row_2": {
                    "runAfter": {},
                    "metadata": {
                      "operationMetadataId": "272a2674-b790-40e9-8034-088756e41146"
                    },
                    "type": "OpenApiConnection",
                    "inputs": {
                      "host": {
                        "connectionName": "shared_commondataserviceforapps",
                        "operationId": "UpdateRecord",
                        "apiId": "/providers/Microsoft.PowerApps/apis/shared_commondataserviceforapps"
                      },
                      "parameters": {
                        "entityName": "crf80_obuserprofiles",
                        "recordId": "@triggerOutputs()?['body/crf80_obuserprofileid']",
                        "item/crf80_obstatus": 6
                      },
                      "authentication": "@parameters('$authentication')"
                    }
                  },
                  "Apply_to_each_2": {
                    "foreach": "@outputs('Start_and_wait_for_an_approval')?['body/responses']",
                    "actions": {
                      "Post_adaptive_card_in_a_chat_or_channel_2": {
                        "runAfter": {},
                        "metadata": {
                          "operationMetadataId": "ededda2c-059a-4b91-b6ac-33205e1cece4"
                        },
                        "type": "OpenApiConnection",
                        "inputs": {
                          "host": {
                            "connectionName": "shared_teams",
                            "operationId": "PostCardToConversation",
                            "apiId": "/providers/Microsoft.PowerApps/apis/shared_teams"
                          },
                          "parameters": {
                            "poster": "Flow bot",
                            "location": "Chat with Flow bot",
                            "body/recipient": "@{outputs('Update_a_row_2')?['body/crf80_sponsor']};",
                            "body/messageBody": "{\n    \"type\": \"AdaptiveCard\",\n    \"body\": [\n        {\n            \"type\": \"Image\",\n            \"style\": \"Person\",\n            \"url\": \"https://media.giphy.com/media/AP8IYd4EAqY8M/giphy.gif\",\n            \"altText\": \"Matt Hidinger\",\n            \"size\": \"Small\",\n            \"horizontalAlignment\": \"Center\",\n            \"height\": \"200px\"\n        },\n        {\n            \"type\": \"TextBlock\",\n            \"size\": \"Medium\",\n            \"weight\": \"Bolder\",\n            \"text\": \"Oh no! Your on-boarding was rejected.\",\n            \"wrap\": true,\n            \"style\": \"heading\",\n            \"horizontalAlignment\": \"Center\"\n        },\n        {\n            \"type\": \"ColumnSet\",\n            \"columns\": [\n                {\n                    \"type\": \"Column\",\n                    \"items\": [\n                        {\n                            \"type\": \"TextBlock\",\n                            \"weight\": \"Bolder\",\n                            \"text\": \"Team 2\",\n                            \"wrap\": true\n                        },\n                        {\n                            \"type\": \"TextBlock\",\n                            \"spacing\": \"None\",\n                            \"text\": \"Created @{formatDateTime(utcNow(), 'yyyy-MM-dd')} \",\n                            \"isSubtle\": true,\n                            \"wrap\": true\n                        }\n                    ],\n                    \"width\": \"stretch\"\n                }\n            ]\n        },\n        {\n            \"type\": \"TextBlock\",\n            \"text\": \"You are missing items in your on-boarding process. Complete necessary requirements to join the team. Comments: @{items('Apply_to_each_2')?['comments']} \",\n            \"wrap\": true,\n            \"horizontalAlignment\": \"Center\"\n        }\n    ],\n    \"$schema\": \"http://adaptivecards.io/schemas/adaptive-card.json\",\n    \"version\": \"1.4\"\n}"
                          },
                          "authentication": "@parameters('$authentication')"
                        }
                      }
                    },
                    "runAfter": {
                      "Update_a_row_2": [
                        "Succeeded"
                      ]
                    },
                    "metadata": {
                      "operationMetadataId": "483a80ad-2fc8-4eec-895c-474c15966f3b"
                    },
                    "type": "Foreach"
                  }
                }
              },
              "expression": {
                "equals": [
                  "@outputs('Start_and_wait_for_an_approval')?['body/outcome']",
                  "Approve"
                ]
              },
              "metadata": {
                "operationMetadataId": "e6d57f3b-40a0-44bc-8bf7-a0327c50ce5a"
              },
              "type": "If"
            }
          },
          "runAfter": {
            "Compose": [
              "Succeeded"
            ]
          },
          "expression": {
            "equals": [
              "@triggerOutputs()?['body/crf80_obstatus']",
              3
            ]
          },
          "metadata": {
            "operationMetadataId": "3a69c81f-12e6-4b2b-badb-e4e1408dd461"
          },
          "type": "If"
        },
        "Compose": {
          "runAfter": {},
          "metadata": {
            "operationMetadataId": "137d4a08-dd1f-487e-9a21-20a5f254fa8a"
          },
          "type": "Compose",
          "inputs": "@triggerOutputs()?['body/crf80_obstatus']"
        }
      }
    },
    "templateName": ""
  },
  "schemaVersion": "1.0.0.0"
}